node_id,event,note,timestamp
GENESIS_DISK,REGISTERED,status_ANCESTOR_role_SAGCO_Origin_Storage_First_Node_Ever,2026-06-05T02:34:36Z
PRIMARY_DISK,REGISTERED,status_ACTIVE_role_Current_Primary_Storage_Docker_Volumes_Lineage_Logs,2026-06-05T02:34:37Z
HP_DESKTOP,REGISTERED,status_ACTIVE_role_Primary_Compute_Node_Docker_Fleet_Kubernetes_Rust,2026-06-05T02:34:37Z
GALAXY_FOLD,REGISTERED,status_ACTIVE_role_Mobile_Ingest_Node_Camera_Barcode_Clipboard_Files,2026-06-05T02:34:37Z
RCA_PROJECTOR,REGISTERED,status_ACTIVE_role_Command_Wall_Evidence_Display_SAGCO_Live_Dashboard,2026-06-05T02:34:37Z
PI_NODE,REGISTERED,status_STANDBY_role_Edge_Compute_Node_Dispatcher_LAN_Bridge,2026-06-05T02:34:37Z
OBSIDIAN_VAULT,REGISTERED,status_ACTIVE_role_Knowledge_Graph_DNA_Cell_Cross_Device_Sync,2026-06-05T02:34:37Z
IPAD_NODE,REGISTERED,status_ACTIVE_role_Secondary_Mobile_Node_iSH_Terminal_Working_Copy,2026-06-05T02:34:37Z
PRIMARY_DISK,REGISTERED,status_ACTIVE_role_Active_C_Drive_207GB_used_722GB_free_Docker_Volumes,2026-06-05T02:41:08Z
GALAXY_FOLD,REGISTERED,status_ACTIVE_role_Mobile_Ingest_Node_Camera_Barcode_Clipboard_Files_Mounts_via_PhoneLink,2026-06-05T02:41:08Z
