{
  "name": "Legion Console",
  "build": {
    "dockerfile": "Dockerfile",
    "context": ".."
  },
  "features": {
    "ghcr.io/devcontainers/features/docker-in-docker:2": {},
    "ghcr.io/devcontainers/features/kubectl-helm-minikube:1": {
      "version": "latest",
      "helm": "latest",
      "minikube": "none"
    },
    "ghcr.io/devcontainers/features/github-cli:1": {}
  },
  "customizations": {
    "vscode": {
      "extensions": [
        "ms-kubernetes-tools.vscode-kubernetes-tools",
        "ms-azuretools.vscode-docker",
        "github.vscode-github-actions",
        "redhat.vscode-yaml",
        "vscodevim.vim"
      ],
      "settings": {
        "terminal.integrated.defaultProfile.linux": "tmux",
        "terminal.integrated.profiles.linux": {
          "tmux": {
            "path": "/usr/bin/tmux",
            "args": ["new-session", "-A", "-s", "legion"]
          }
        }
      }
    }
  },
  "postCreateCommand": "bash .devcontainer/post-create.sh",
  "postStartCommand": "bash scripts/connect-dev.sh --quiet",
  "remoteUser": "vscode",
  "mounts": [
    "source=${localEnv:HOME}/.kube,target=/home/vscode/.kube-host,type=bind,consistency=cached",
    "source=${localEnv:HOME}/.config/gh,target=/home/vscode/.config/gh-host,type=bind,consistency=cached"
  ],
  "containerEnv": {
    "LEGION_ENV": "dev",
    "KUBECONFIG": "/home/vscode/.kube/config"
  },
  "forwardPorts": [8080, 6333, 6379, 11434],
  "portsAttributes": {
    "8080": { "label": "Legion Dashboard" },
    "6333": { "label": "Qdrant" },
    "6379": { "label": "Redis" },
    "11434": { "label": "Ollama" }
  }
}
