case,brick,weight,tier,peer,patent,legal,cpa,final_class,timestamp
C1602_CASE_001,sagco-link-bridge,171,FULL_FLEET,--- PEER REVIEW ---
  ✅ Manifested (purpose, input, output declared)
  ✅ Has compute-law entry
  ⚠️  No lineage citation
  PEER: PEER_FAIL (2 pass, 2 fail)
PEER_FAIL,--- PATENT REVIEW ---
  ✅ Referenced in Blueprint v1.0
  ✅ Differentiated in Prior Art Matrix
  ❌ No translation entry — required for Wing F claim
  PATENT: PATENT_REVIEW_COMPLETE
PATENT_REVIEW_COMPLETE,--- CPA / AUDIT REVIEW ---
  ✅ Weight audit trail exists
  ✅ State mesh entries present
  CPA: CPA_AUDIT_PASS
CPA_AUDIT_PASS,--- ENGINEERING REVIEW ---
  ❌ Not in command registry
  ⚠️  Binary not found or not executable
  ENGINEERING: ENG_FAIL
ENG_FAIL,PATENT_CANDIDATE,2026-06-05T00:53:01Z
C1602_CASE_001,sagco-compute-law,179,FULL_FLEET,--- PEER REVIEW ---
  ✅ Manifested (purpose, input, output declared)
  ✅ Has compute-law entry
  ⚠️  No lineage citation
  PEER: PEER_FAIL (2 pass, 2 fail)
PEER_FAIL,--- PATENT REVIEW ---
  ✅ Referenced in Blueprint v1.0
  ✅ Differentiated in Prior Art Matrix
  ❌ No translation entry — required for Wing F claim
  PATENT: PATENT_REVIEW_COMPLETE
PATENT_REVIEW_COMPLETE,--- CPA / AUDIT REVIEW ---
  ✅ Weight audit trail exists
  ✅ State mesh entries present
  CPA: CPA_AUDIT_PASS
CPA_AUDIT_PASS,--- ENGINEERING REVIEW ---
  ❌ Not in command registry
  ⚠️  Binary not found or not executable
  ENGINEERING: ENG_FAIL
ENG_FAIL,PATENT_CANDIDATE,2026-06-05T00:53:01Z
